id,dir_name
1,Abigail Payne
27,Aiden Foster
3,Alina Morgan
34,Alisa Barrett
6,Amy Armstrong
29,Amy Howard
5,Arthur Evans
10,Catherine Gibson
22,Darcy Morgan
30,Dominik Nelson
24,Elise Harper
11,Emma Russell
25,Hailey Robinson
19,Henry Murray
15,Jared Cooper
9,Julia Robinson
13,Julian Fowler
28,Kelvin Martin
12,Kristian Foster
26,Lucia Morrison
18,Paige Watson
35,Rebecca Adams
31,Ryan Ross
23,Ryan Wright
7,Samantha Clark
32,Sarah Adams
20,Sienna Warren
2,Sophia Baker
16,Steven Spencer
21,Stuart Scott
4,Thomas Wright
17,Tiana Hunt
33,Victor Elliott
14,Violet Scott
8,Violet Wells
