titles_id,filename,resolution
45,WomenAndMercenaries.jpg,800x600
17,CoatOfMysteries.jpg,240x480
11,LittleGirlOfTheSun.png,1020x768
41,OfficerOfTheOcean.jpg,1020x768
18,ShieldOfDreams.jpg,800x600
22,PeasantOfDawn.png,1020x768
7,PerfectionOfRainbows.jpg,1020x768
4,ThievesOfEternity.png,1020x768
40,HelplessInTheShadows.png,1020x768
20,CleaningWithTheNeighbor.jpg,800x600
13,WizardsOfRiddles.gif,800x600
44,ClonesOfHonor.png,1020x768
49,CreatedByTheEnd.gif,800x600
39,DefiantInTheNorth.jpg,800x600
8,SurpriseWithoutFear.jpg,800x600
30,DeathInTheElements.jpg,240x480
50,IntelligenceInTechAdv.tiff,800x600
37,MusicInTheCrypts.jpg,800x600
28,CreationOfBadNews.jpg,1020x768
19,PresentFromPetals.jpg,240x480
2,SaviorOfTheEnd.png,800x600
5,DescendantsAndWives.png,240x480
24,RebelsOfTheVoid.png,1020x768
